{
    "cameraId": "CAM05",
    "tools": {
        "geometries": {
            "arcs": [
                {
                    "coordinateSpace": "part",
                    "edgeCleanupDerivative": 12,
                    "edgeSensitivity": 60,
                    "edgeStatisticalFilter": 0,
                    "enabled": true,
                    "endAngleRadians": 1.5706903538978623,
                    "id": "arc_4",
                    "imageCenter": {
                        "x": 352.99638989169677,
                        "y": 239.9336642599278
                    },
                    "imageEnd": {
                        "x": 353,
                        "y": 274
                    },
                    "imageStart": {
                        "x": 356,
                        "y": 206
                    },
                    "imageThrough": {
                        "x": 387.0296213479924,
                        "y": 241.4351303535879
                    },
                    "innerBand": 20,
                    "outerBand": 20,
                    "partCenter": {
                        "x": 32.996389891696765,
                        "y": -0.06633574007219067
                    },
                    "partEnd": {
                        "x": 33,
                        "y": 34
                    },
                    "partEndAngleRadians": 1.5706903538978623,
                    "partStart": {
                        "x": 36,
                        "y": -34
                    },
                    "partStartAngleRadians": 4.8006730680778675,
                    "partThrough": {
                        "x": 67.02962134799242,
                        "y": 1.4351303535879083
                    },
                    "pickMode": "first",
                    "radius": 34.066335931359035,
                    "scanDirection": "normal_positive",
                    "startAngleRadians": 4.8006730680778675,
                    "transition": "light_to_dark",
                    "type": "edge_arc",
                    "useSubpixel": true
                },
                {
                    "coordinateSpace": "image",
                    "edgeCleanupDerivative": 12,
                    "edgeSensitivity": 60,
                    "edgeStatisticalFilter": 0,
                    "enabled": true,
                    "endAngleRadians": 4.587005754780264,
                    "id": "arc_5",
                    "imageCenter": {
                        "x": 216.14444444444445,
                        "y": 294.9471111111111
                    },
                    "imageEnd": {
                        "x": 213,
                        "y": 270
                    },
                    "imageStart": {
                        "x": 214,
                        "y": 320
                    },
                    "imageThrough": {
                        "x": 191.00497176859554,
                        "y": 295.4499005646281
                    },
                    "innerBand": 20,
                    "outerBand": 20,
                    "partEndAngleRadians": 0,
                    "partStartAngleRadians": 0,
                    "pickMode": "first",
                    "radius": 25.144500067695155,
                    "scanDirection": "normal_positive",
                    "startAngleRadians": 1.6561848844530216,
                    "transition": "dark_to_light",
                    "type": "edge_arc",
                    "useSubpixel": true
                }
            ],
            "constructed": [
                {
                    "enabled": true,
                    "id": "constructed_1",
                    "sourceAId": "arc_2",
                    "type": "circle_center"
                },
                {
                    "enabled": true,
                    "id": "constructed_2",
                    "sourceAId": "arc_3",
                    "type": "circle_center"
                },
                {
                    "enabled": true,
                    "id": "constructed_3",
                    "sourceAId": "arc_4",
                    "type": "circle_center"
                },
                {
                    "enabled": true,
                    "id": "constructed_4",
                    "sourceAId": "arc_5",
                    "type": "circle_center"
                }
            ],
            "enabled": true,
            "points": [
                {
                    "coordinateSpace": "image",
                    "edgeSensitivity": 60,
                    "enabled": true,
                    "id": "point_1",
                    "imageEnd": {
                        "x": 356.52605459057077,
                        "y": 239.60330578512398
                    },
                    "imageStart": {
                        "x": 278.7096774193549,
                        "y": 241.98347107438016
                    },
                    "pickMode": "first",
                    "transition": "light_to_dark",
                    "type": "edge_point",
                    "useSubpixel": true
                },
                {
                    "coordinateSpace": "image",
                    "edgeSensitivity": 60,
                    "enabled": true,
                    "id": "point_2",
                    "imageEnd": {
                        "x": 413.69727047146404,
                        "y": 188.82644628099175
                    },
                    "imageStart": {
                        "x": 458.95781637717124,
                        "y": 152.3305785123967
                    },
                    "pickMode": "first",
                    "transition": "light_to_dark",
                    "type": "edge_point",
                    "useSubpixel": true
                }
            ]
        },
        "measurements": {
            "enabled": true,
            "items": [
                {
                    "enabled": true,
                    "hasMax": false,
                    "hasMin": false,
                    "hasNominal": false,
                    "hasSampleScale": false,
                    "id": "measurement_1",
                    "max": 0,
                    "min": 0,
                    "nominal": 0,
                    "samplePixels": 144.49434522811126,
                    "sampleValue": 0,
                    "sourceAId": "point_1",
                    "sourceBId": "point_2",
                    "type": "point_point_distance",
                    "unit": "px"
                },
                {
                    "enabled": true,
                    "hasMax": false,
                    "hasMin": false,
                    "hasNominal": false,
                    "hasSampleScale": false,
                    "id": "measurement_2",
                    "max": 0,
                    "min": 0,
                    "nominal": 0,
                    "samplePixels": 150.74968853833954,
                    "sampleValue": 0,
                    "sourceAId": "arc_4_center",
                    "sourceBId": "arc_5_center",
                    "type": "point_point_distance",
                    "unit": "px"
                }
            ]
        },
        "surfaceLocalization": {
            "aoes": {
                "edgePca": {
                    "id": "edgePca",
                    "label": "edgePca",
                    "searchRoi": {
                        "height": 252,
                        "width": 369,
                        "x": 136,
                        "y": 114
                    }
                }
            },
            "edge": {
                "pcaResolveAmbiguity": true
            },
            "enabled": true,
            "method": "edgePca"
        }
    }
}
