{
    "averageHorizontalPitchPixels": 73.60165556670164,
    "averageVerticalPitchPixels": 74.08271235895984,
    "calibrationType": "checkerboard_scale",
    "cameraId": "CAM01",
    "modelId": "CAM01_planar_scale",
    "originImagePoint": {
        "x": 1867.2821044921875,
        "y": 1151.7825927734375
    },
    "originWorldMm": {
        "x": 0,
        "y": 0
    },
    "pixelSizeXMm": 0.06793325451040623,
    "pixelSizeYMm": 0.0674921292807563,
    "rmsErrorPixels": 1.2979621729002089,
    "rotationDegrees": 179.06916910224655,
    "sourceFile": "live-frame",
    "valid": true
}
