{
    "averageHorizontalPitchPixels": 74.51721165804243,
    "averageVerticalPitchPixels": 74.22996539577002,
    "calibrationType": "checkerboard_scale",
    "cameraId": "CAM01",
    "modelId": "CAM01_planar_scale",
    "originImagePoint": {
        "x": 1852.7371826171875,
        "y": 113.91603088378906
    },
    "originWorldMm": {
        "x": 0,
        "y": 0
    },
    "pixelSizeXMm": 0.06527351053231528,
    "pixelSizeYMm": 0.06552609817432535,
    "rmsErrorPixels": 1.324765227403398,
    "rotationDegrees": 91.61580381227282,
    "sourceFile": "live-frame",
    "valid": true
}
